date,open,high,low,close,volume,dividends,stock splits,capital gains
2019-11-14,138,138,137,138,5220500,0,0,0
2019-11-19,138,138,138,138,4824400,0,0,0
2019-11-20,138,139,138,138,6892100,0,0,0
2019-12-03,139,139,138,139,8481700,0,0,0
2019-12-04,139,139,138,138,6322300,0,0,0
2019-12-05,138,139,138,139,5671500,0,0,0
2019-12-11,138,139,138,138,6097500,0,0,0
2019-12-12,139,139,137,138,8815100,0,0,0
2019-12-13,138,139,137,139,6964300,0,0,0
2019-12-16,139,139,138,139,4646100,0,0,0
2019-12-17,139,139,138,139,4287500,0,0,0
2019-12-18,138,139,138,139,3607600,0,0,0
2019-12-19,139,139,138,139,4975000,0,0,0
2019-12-20,139,139,138,139,4463900,0,0,0
2019-12-23,139,139,139,139,5180900,0,0,0
2019-12-24,140,141,140,141,5303700,0,0,0
2019-12-26,142,142,141,142,8342500,0,0,0
2019-12-27,142,142,142,142,5119900,0,0,0
2019-12-30,142,142,142,142,4810600,0,0,0
2019-12-31,143,143,142,142,5313500,0,0,0
2020-01-02,143,144,143,143,7733800,0,0,0
2020-01-03,145,146,145,145,12272800,0,0,0
2020-01-06,148,148,146,147,14403300,0,0,0
2020-01-07,147,148,147,147,7978500,0,0,0
2020-01-09,146,146,145,146,10292300,0,0,0
2020-01-10,146,146,146,146,6183300,0,0,0
2020-01-13,146,146,145,145,7593800,0,0,0
2020-01-14,145,145,145,145,6589700,0,0,0
2020-01-15,146,146,145,146,6510000,0,0,0
2020-01-16,146,146,145,146,6069100,0,0,0
2020-01-17,146,146,146,146,11121100,0,0,0
2020-01-21,145,146,145,146,6086100,0,0,0
2020-01-22,146,146,146,146,4778200,0,0,0
2020-01-23,147,147,146,147,8419800,0,0,0
2020-01-24,146,148,146,147,9919900,0,0,0
2020-01-27,149,149,148,148,9988100,0,0,0
2020-01-28,148,148,147,147,7543100,0,0,0
2020-01-29,147,148,147,148,5013100,0,0,0
2020-01-30,148,149,148,148,9119500,0,0,0
2020-01-31,148,149,148,149,14788300,0,0,0
2020-02-03,148,148,147,148,9105300,0,0,0
2020-02-04,146,147,145,146,10525600,0,0,0
2020-02-05,146,146,146,146,6160700,0,0,0
2020-02-06,147,147,147,147,4819800,0,0,0
2020-02-07,147,148,147,147,6379300,0,0,0
2020-02-10,148,148,147,148,5793600,0,0,0
2020-02-11,148,148,147,147,5179400,0,0,0
2020-02-12,147,147,147,147,5040600,0,0,0
2020-02-13,148,148,147,148,7082100,0,0,0
2020-02-14,148,149,148,149,5345400,0,0,0
2020-02-18,149,151,149,150,11524900,0,0,0
2020-02-19,151,151,150,151,9269800,0,0,0
2020-02-20,152,152,151,152,8457300,0,0,0
2020-02-21,154,155,154,154,16344500,0,0,0
2020-03-02,150,150,149,149,16295400,0,0,0
2020-03-04,154,154,153,154,12315500,0,0,0
2020-03-25,152,152,151,151,16457200,0,0,0
2020-03-26,153,154,152,153,12778200,0,0,0
2020-03-27,153,153,152,152,9824600,0,0,0
2020-03-30,152,153,151,152,12080900,0,0,0
2020-03-31,151,151,147,148,13319500,0,0,0
2020-04-01,148,150,147,149,11827400,0,0,0
2020-04-02,151,152,150,151,9188300,0,0,0
2020-04-03,152,153,151,152,8469100,0,0,0
2020-04-06,154,157,153,156,14739300,0,0,0
2020-04-07,155,156,154,156,9195400,0,0,0
2020-04-08,155,155,154,154,7600800,0,0,0
2020-04-15,161,162,160,161,12141900,0,0,0
2020-04-16,161,163,160,161,9233200,0,0,0
2020-04-17,159,160,158,158,14652700,0,0,0
2020-04-20,158,160,158,159,10688700,0,0,0
2020-04-21,157,159,157,158,12478100,0,0,0
2020-04-22,160,161,160,161,12902100,0,0,0
2020-04-23,162,163,161,163,14928500,0,0,0
2020-04-24,163,163,160,162,11199300,0,0,0
2020-04-27,161,162,160,161,9033500,0,0,0
2020-04-28,160,160,159,160,10383000,0,0,0
2020-04-29,160,161,159,161,12232300,0,0,0
2020-04-30,160,160,158,158,13633500,0,0,0
2020-05-01,158,160,157,159,10914300,0,0,0
2020-05-04,160,160,159,160,7986200,0,0,0
2020-05-05,160,161,159,161,10563100,0,0,0
2020-05-06,158,159,158,158,13352000,0,0,0
2020-05-07,159,161,159,161,13691700,0,0,0
2020-05-08,161,162,160,160,12240900,0,0,0
2020-05-11,160,160,158,159,11209800,0,0,0
2020-05-12,160,160,159,160,10406000,0,0,0
2020-05-13,160,161,160,161,10950400,0,0,0
2020-05-15,164,164,163,163,13918800,0,0,0
2020-05-18,164,164,162,162,14133800,0,0,0
2020-05-19,163,164,163,164,8535800,0,0,0
2020-05-20,164,164,163,164,10666100,0,0,0
2020-05-21,163,163,161,162,11791000,0,0,0
2020-05-22,162,163,162,163,8540900,0,0,0
2020-05-26,162,162,160,160,13972000,0,0,0
2020-05-27,159,161,159,161,13063500,0,0,0
2020-05-28,162,162,160,161,9758500,0,0,0
2020-05-29,162,163,162,162,12581800,0,0,0
2020-06-01,162,163,162,163,8140200,0,0,0
2020-06-02,163,164,161,162,10388900,0,0,0
2020-06-04,161,161,159,161,10094000,0,0,0
2020-06-05,158,158,157,158,16021200,0,0,0
2020-06-08,158,159,158,159,9244400,0,0,0
2020-06-09,161,161,160,161,9045600,0,0,0
2020-06-10,162,163,160,163,13009300,0,0,0
2020-06-11,163,164,161,162,11673900,0,0,0
2020-06-12,163,163,162,162,6895400,0,0,0
2020-06-15,160,162,160,162,8532500,0,0,0
2020-06-16,161,162,161,162,7964000,0,0,0
2020-06-17,162,162,161,162,4758200,0,0,0
2020-06-18,162,162,161,162,5397600,0,0,0
2020-06-19,162,164,162,164,12187400,0,0,0
2020-06-22,165,165,164,165,12385600,0,0,0
2020-06-23,165,166,165,166,12137300,0,0,0
2020-06-24,166,166,165,165,10901400,0,0,0
2020-06-25,165,165,165,165,7093800,0,0,0
2020-06-26,164,166,164,166,9753500,0,0,0
2020-06-29,166,166,166,166,6735700,0,0,0
2020-06-30,166,167,166,167,12762300,0,0,0
2020-07-01,167,167,165,166,13214800,0,0,0
2020-07-02,166,167,166,166,8753500,0,0,0
2020-07-06,167,168,167,167,7265700,0,0,0
2020-07-07,167,169,167,169,11633100,0,0,0
2020-07-08,170,170,169,170,11662700,0,0,0
2020-07-09,170,170,168,169,13327400,0,0,0
2020-07-10,169,170,168,169,8218000,0,0,0
2020-07-13,170,170,169,169,11095900,0,0,0
2020-07-14,168,170,168,170,9812700,0,0,0
2020-07-15,169,170,169,170,7533800,0,0,0
2020-07-16,169,170,168,168,10242400,0,0,0
2020-07-17,169,170,169,170,10296000,0,0,0
2020-07-20,170,171,170,170,10095500,0,0,0
2020-07-21,172,173,172,173,12826100,0,0,0
2020-07-24,179,179,178,178,15601300,0,0,0
2020-07-31,184,185,184,185,15876700,0,0,0
2020-08-03,185,185,184,185,12897000,0,0,0
2020-08-14,183,183,181,182,11792000,0,0,0
2020-08-17,184,187,184,186,15709800,0,0,0
2020-08-18,189,189,185,188,16291600,0,0,0
2020-08-20,181,183,180,183,16692200,0,0,0
2020-08-21,182,182,180,182,12713700,0,0,0
2020-08-24,182,182,180,181,11605800,0,0,0
2020-08-25,181,181,179,181,10056100,0,0,0
2020-08-26,180,183,180,183,12715800,0,0,0
2020-08-27,185,185,179,181,16299200,0,0,0
2020-08-28,183,185,183,184,13200800,0,0,0
2020-08-31,184,185,184,184,10251200,0,0,0
2020-09-01,186,186,184,185,10662100,0,0,0
2020-09-02,183,183,181,182,11536900,0,0,0
2020-09-03,182,182,180,181,12148100,0,0,0
2020-09-04,180,182,180,181,11567900,0,0,0
2020-09-08,179,182,179,181,13229200,0,0,0
2020-09-09,182,183,182,183,8424100,0,0,0
2020-09-10,184,184,182,182,9143600,0,0,0
2020-09-11,183,183,182,182,7662300,0,0,0
2020-09-14,183,184,183,183,9709500,0,0,0
2020-09-15,184,184,182,183,7993700,0,0,0
2020-09-16,184,185,183,183,12702400,0,0,0
2020-09-17,181,183,181,182,8836200,0,0,0
2020-09-18,183,184,182,183,9959700,0,0,0
2020-09-22,179,180,178,178,7977900,0,0,0
2020-09-24,174,176,173,175,11759200,0,0,0
2020-09-25,174,175,173,174,6779200,0,0,0
2020-09-28,175,176,175,176,7109700,0,0,0
2020-09-29,177,178,176,178,8718500,0,0,0
2020-09-30,177,178,176,177,8371800,0,0,0
2020-10-01,178,179,178,178,10402800,0,0,0
2020-10-02,178,179,178,178,7488500,0,0,0
2020-10-05,179,180,178,179,6969600,0,0,0
2020-10-06,180,180,177,177,8632800,0,0,0
2020-10-07,177,177,176,177,6410900,0,0,0
2020-10-08,178,178,176,177,6530800,0,0,0
2020-10-09,180,181,179,181,15979800,0,0,0
2020-10-12,180,180,180,180,4843000,0,0,0
2020-10-13,178,178,177,177,8384300,0,0,0
2020-10-14,179,179,178,178,9076600,0,0,0
2020-10-15,177,179,177,178,6815400,0,0,0
2020-10-16,179,179,178,178,7260700,0,0,0
2020-10-19,179,179,178,178,6084400,0,0,0
2020-10-20,178,179,178,179,7121400,0,0,0
2020-10-21,180,181,180,180,7548100,0,0,0
2020-10-22,178,179,177,178,8377000,0,0,0
2020-10-23,179,179,177,178,5919300,0,0,0
2020-10-26,178,179,178,178,5105100,0,0,0
2020-10-27,178,179,178,179,5826900,0,0,0
2020-10-28,176,176,175,176,11734100,0,0,0
2020-10-29,175,176,174,175,8474500,0,0,0
2020-10-30,177,177,175,176,7303000,0,0,0
2020-11-02,177,177,177,177,6498400,0,0,0
2020-11-03,178,179,178,178,7577200,0,0,0
2020-11-04,178,179,177,178,11117300,0,0,0
2020-11-05,181,183,180,182,16102800,0,0,0
2020-11-06,183,183,182,183,10378300,0,0,0
2020-11-10,176,176,175,175,11728500,0,0,0
2020-11-11,174,175,174,174,9008500,0,0,0
2020-11-12,176,176,175,175,7167900,0,0,0
2020-11-13,177,177,176,177,6469800,0,0,0
2020-11-16,177,177,176,177,8358500,0,0,0
2020-11-17,177,177,176,176,8229100,0,0,0
2020-11-18,176,176,175,175,7384700,0,0,0
2020-11-19,174,175,174,175,6965100,0,0,0
2020-11-20,176,176,175,175,6379400,0,0,0
2020-11-23,175,175,171,172,15510600,0,0,0
2020-11-25,169,170,169,169,10286600,0,0,0
2020-11-27,166,167,166,167,10569100,0,0,0
2020-11-30,166,167,166,166,13210000,0,0,0
2020-12-01,169,170,169,170,13533300,0,0,0
2020-12-02,170,171,170,171,9199700,0,0,0
2020-12-03,172,172,171,172,10457300,0,0,0
2020-12-04,172,173,171,172,10098600,0,0,0
2020-12-07,172,175,172,174,10555100,0,0,0
2020-12-08,175,175,174,175,6348400,0,0,0
2020-12-09,173,174,171,172,10743200,0,0,0
2020-12-10,172,173,171,172,6564000,0,0,0
2020-12-11,172,173,172,172,6084800,0,0,0
2020-12-14,171,172,170,171,7644400,0,0,0
2020-12-15,173,173,173,173,6840500,0,0,0
2020-12-16,174,175,173,174,8174700,0,0,0
2020-12-17,177,177,176,176,9475800,0,0,0
2020-12-18,176,176,176,176,6789900,0,0,0
2020-12-21,176,176,175,175,8168900,0,0,0
2020-12-22,176,176,174,174,9442400,0,0,0
2020-12-23,175,176,175,175,6542800,0,0,0
2020-12-24,175,176,175,176,3695400,0,0,0
2020-12-28,177,177,175,175,7778700,0,0,0
2020-12-29,176,176,175,176,5983700,0,0,0
2020-12-30,176,177,176,177,5914000,0,0,0
2020-12-31,178,178,177,178,7540800,0,0,0
2021-01-04,181,182,180,182,14331400,0,0,0
2021-01-05,182,183,181,182,12718800,0,0,0
2021-01-07,179,179,178,179,7110200,0,0,0
2021-01-11,172,173,172,173,8571400,0,0,0
2021-01-12,173,174,172,174,9798500,0,0,0
2021-01-13,173,174,173,173,14110300,0,0,0
2021-01-14,173,174,172,173,13522700,0,0,0
2021-01-15,172,173,170,171,16172500,0,0,0
2021-01-19,172,172,171,172,7485700,0,0,0
2021-01-20,174,175,173,175,9456000,0,0,0
2021-01-21,175,175,174,175,7246800,0,0,0
2021-01-22,172,174,172,173,7269600,0,0,0
2021-01-25,174,174,173,174,5936800,0,0,0
2021-01-26,173,174,173,173,4685600,0,0,0
2021-01-27,172,173,171,172,9036500,0,0,0
2021-01-28,174,174,172,172,9392400,0,0,0
2021-01-29,174,175,172,172,11252800,0,0,0
2021-02-01,175,175,174,174,9105500,0,0,0
2021-02-02,172,172,171,172,7221700,0,0,0
2021-02-03,172,172,171,171,4658100,0,0,0
2021-02-04,168,168,167,168,13736600,0,0,0
2021-02-05,168,170,168,169,6538500,0,0,0
2021-02-08,171,172,171,171,6887500,0,0,0
2021-02-09,172,173,171,172,5131800,0,0,0
2021-02-10,173,173,172,172,6112800,0,0,0
2021-02-11,172,172,170,171,5994500,0,0,0
2021-02-12,170,171,169,170,6018900,0,0,0
2021-02-16,168,170,167,168,14761100,0,0,0
2021-02-17,166,167,165,166,11400700,0,0,0
2021-02-18,166,167,165,166,7498200,0,0,0
2021-02-19,166,167,166,167,8273500,0,0,0
2021-02-22,168,169,168,169,10072000,0,0,0
2021-02-23,169,169,168,169,8616800,0,0,0
2021-02-24,167,169,167,169,8890600,0,0,0
2021-02-25,166,167,165,165,16359400,0,0,0
2021-03-01,163,163,161,161,13828300,0,0,0
2021-03-02,161,162,161,162,11424600,0,0,0
2021-03-03,160,161,159,160,13059900,0,0,0
2021-03-04,160,161,158,159,13870100,0,0,0
2021-03-05,159,159,158,159,12821600,0,0,0
2021-03-08,158,158,157,157,12134900,0,0,0
2021-03-09,160,161,160,160,10382600,0,0,0
2021-03-10,161,161,160,161,7962000,0,0,0
2021-03-11,161,161,161,161,6749200,0,0,0
2021-03-12,159,161,159,161,8608500,0,0,0
2021-03-15,162,162,161,162,8104500,0,0,0
2021-03-16,162,163,161,162,7547400,0,0,0
2021-03-17,162,164,161,163,12626700,0,0,0
2021-03-18,161,162,161,162,8711100,0,0,0
2021-03-19,162,163,162,163,6868900,0,0,0
2021-03-22,162,163,162,163,5240000,0,0,0
2021-03-23,162,162,161,161,6048300,0,0,0
2021-03-24,162,162,161,162,6183700,0,0,0
2021-03-25,163,163,161,161,8398600,0,0,0
2021-03-26,161,162,161,162,6153900,0,0,0
2021-03-29,161,161,159,160,8409300,0,0,0
2021-03-30,157,158,157,157,8353200,0,0,0
2021-03-31,158,160,158,159,10623800,0,0,0
2021-04-01,161,162,161,161,7105200,0,0,0
2021-04-05,161,162,161,161,6163800,0,0,0
2021-04-06,162,163,162,163,6761200,0,0,0
2021-04-07,162,163,162,162,5436000,0,0,0
2021-04-08,164,164,164,164,6574500,0,0,0
2021-04-09,162,163,162,163,6657900,0,0,0
2021-04-12,162,162,161,162,4896700,0,0,0
2021-04-13,163,163,163,163,6995900,0,0,0
2021-04-14,162,163,162,162,6312300,0,0,0
2021-04-15,164,165,164,165,8250600,0,0,0
2021-04-16,166,166,165,166,10057600,0,0,0
2021-04-19,165,166,165,165,5721700,0,0,0
2021-04-20,165,166,165,166,6532000,0,0,0
2021-04-21,167,168,167,168,8380200,0,0,0
2021-04-22,167,167,166,167,7680100,0,0,0
2021-04-23,167,167,165,166,7106400,0,0,0
2021-04-26,166,166,166,166,4786600,0,0,0
2021-04-27,166,167,166,166,5363500,0,0,0
2021-04-28,165,166,165,166,6932200,0,0,0
2021-04-29,165,166,164,166,9067600,0,0,0
2021-04-30,165,166,165,165,6248700,0,0,0
2021-05-03,167,168,167,167,9014700,0,0,0
2021-05-04,167,168,165,166,10267400,0,0,0
2021-05-05,166,167,166,167,5950000,0,0,0
2021-05-06,167,170,167,170,13574100,0,0,0
2021-05-07,171,172,171,171,14748600,0,0,0
2021-05-10,172,172,171,172,8276600,0,0,0
2021-05-11,170,172,170,172,8348200,0,0,0
2021-05-12,171,171,170,170,12666300,0,0,0
2021-05-13,170,171,170,171,8078300,0,0,0
2021-05-14,172,172,171,172,9686800,0,0,0
2021-05-17,173,175,173,174,11956800,0,0,0
2021-05-18,175,175,174,175,7294000,0,0,0
2021-05-20,175,176,175,175,9802800,0,0,0
2021-05-21,176,176,175,176,7677200,0,0,0
2021-05-24,176,176,175,176,5557300,0,0,0
2021-05-25,176,177,176,177,8986900,0,0,0
2021-05-26,178,178,177,177,8495400,0,0,0
2021-05-27,177,177,176,177,7993000,0,0,0
2021-05-28,177,178,177,178,9967000,0,0,0
2021-06-01,178,178,177,177,9143300,0,0,0
2021-06-02,178,178,177,178,6613100,0,0,0
2021-06-03,175,175,174,175,10153900,0,0,0
2021-06-04,176,177,176,177,8375300,0,0,0
2021-06-07,176,177,176,177,7709100,0,0,0
2021-06-08,177,177,176,177,5905800,0,0,0
2021-06-09,177,177,176,176,6346100,0,0,0
2021-06-10,176,177,176,177,9896600,0,0,0
2021-06-11,176,176,175,175,7836900,0,0,0
2021-06-14,173,175,172,174,7733600,0,0,0
2021-06-15,174,174,173,174,7550200,0,0,0
2021-06-18,166,166,164,164,15744300,0,0,0
2021-06-21,166,167,166,166,8371000,0,0,0
2021-06-22,166,166,166,166,7223900,0,0,0
2021-06-23,166,168,165,166,8474300,0,0,0
2021-06-24,167,167,166,166,6903400,0,0,0
2021-06-25,167,167,166,166,7473700,0,0,0
2021-06-28,166,166,166,166,6508900,0,0,0
2021-06-29,164,165,164,164,7451400,0,0,0
2021-06-30,164,166,164,165,7955800,0,0,0
2021-07-01,166,166,165,166,7430500,0,0,0
2021-07-02,167,167,166,167,7873600,0,0,0
2021-07-06,169,169,167,168,7932100,0,0,0
2021-07-07,168,169,168,168,7108900,0,0,0
2021-07-08,169,169,167,168,7244300,0,0,0
2021-07-09,168,169,168,169,4997400,0,0,0
2021-07-12,168,169,167,169,7315400,0,0,0
2021-07-13,169,169,168,169,7040300,0,0,0
2021-07-14,170,171,170,171,8830300,0,0,0
2021-07-15,170,171,170,171,6520100,0,0,0
2021-07-16,170,170,169,169,9460300,0,0,0
2021-07-19,169,169,168,169,6707400,0,0,0
2021-07-20,170,170,168,169,6540100,0,0,0
2021-07-21,168,169,168,168,4622600,0,0,0
2021-07-22,168,169,168,169,4793600,0,0,0
2021-07-23,168,168,167,168,5831500,0,0,0
2021-07-26,168,168,168,168,5229800,0,0,0
2021-07-27,168,168,167,168,6300200,0,0,0
2021-07-28,168,169,167,169,7905800,0,0,0
2021-07-29,170,171,170,171,8119600,0,0,0
2021-07-30,170,170,169,169,7391700,0,0,0
2021-08-02,169,170,169,169,10783200,0,0,0
2021-08-03,169,169,169,169,5402300,0,0,0
2021-08-04,171,171,168,169,9796300,0,0,0
2021-08-05,169,169,168,168,8015000,0,0,0
2021-08-06,165,165,164,164,13547600,0,0,0
2021-08-09,163,163,161,161,11547000,0,0,0
2021-08-10,161,162,160,161,6870800,0,0,0
2021-08-11,163,164,162,164,7382400,0,0,0
2021-08-12,163,164,162,164,5211700,0,0,0
2021-08-13,165,166,164,166,7466900,0,0,0
2021-08-16,166,167,166,167,7776500,0,0,0
2021-08-17,167,167,166,166,7107000,0,0,0
2021-08-18,167,167,166,167,7697900,0,0,0
2021-08-19,167,167,166,166,6934300,0,0,0
2021-08-20,166,167,166,166,7154000,0,0,0
2021-08-23,168,168,167,168,8190500,0,0,0
2021-08-24,169,169,168,168,4519200,0,0,0
2021-08-25,167,167,166,167,5588800,0,0,0
2021-08-26,167,168,166,167,4371900,0,0,0
2021-08-27,167,170,166,170,10036400,0,0,0
2021-08-30,169,169,169,169,3768600,0,0,0
2021-08-31,169,169,168,169,6336000,0,0,0
2021-09-01,169,170,169,169,4764900,0,0,0
2021-09-02,169,169,168,169,4599800,0,0,0
2021-09-03,170,171,170,171,8353300,0,0,0
2021-09-07,169,169,167,167,10004600,0,0,0
2021-09-08,168,168,166,167,6576000,0,0,0
2021-09-09,168,168,166,168,6641400,0,0,0
2021-09-10,167,168,167,167,7426300,0,0,0
2021-09-13,167,168,167,167,5474300,0,0,0
2021-09-14,168,169,167,168,7922900,0,0,0
2021-09-15,168,168,167,167,5624900,0,0,0
2021-09-16,164,164,163,164,11780400,0,0,0
2021-09-17,163,164,163,163,8369700,0,0,0
2021-09-20,164,165,164,164,7566600,0,0,0
2021-09-21,165,166,165,166,7181500,0,0,0
2021-09-22,165,167,165,165,9777800,0,0,0
2021-09-23,164,164,163,163,8451900,0,0,0
2021-09-24,163,164,162,163,6937500,0,0,0
2021-09-27,163,164,163,163,4943000,0,0,0
2021-09-28,162,162,161,162,9282800,0,0,0
2021-09-29,162,162,160,161,8360700,0,0,0
2021-09-30,162,164,162,164,10572900,0,0,0
2021-10-01,164,164,163,164,6654700,0,0,0
2021-10-04,163,165,163,165,7651700,0,0,0
2021-10-05,163,164,163,164,5617300,0,0,0
2021-10-06,164,165,164,165,6067200,0,0,0
2021-10-07,164,164,163,164,4791500,0,0,0
2021-10-08,166,166,164,164,8536100,0,0,0
2021-10-11,164,164,163,163,3820100,0,0,0
2021-10-12,164,165,164,164,5453000,0,0,0
2021-10-13,165,167,165,167,11113800,0,0,0
2021-10-14,168,168,167,168,5081400,0,0,0
2021-10-15,165,166,165,165,8699200,0,0,0
2021-10-18,165,165,164,164,4029600,0,0,0
2021-10-19,166,166,165,165,6588500,0,0,0
2021-10-20,166,167,165,166,5022000,0,0,0
2021-10-21,166,166,166,166,4412400,0,0,0
2021-10-22,168,169,166,167,10703900,0,0,0
2021-10-25,168,169,168,168,4881300,0,0,0
2021-10-26,167,167,166,167,6658900,0,0,0
2021-10-27,167,168,166,168,5823100,0,0,0
2021-10-28,168,169,167,168,7000700,0,0,0
2021-10-29,166,166,165,166,7531900,0,0,0
2021-11-01,167,167,166,167,4975600,0,0,0
2021-11-02,167,167,166,167,3760700,0,0,0
2021-11-03,165,165,164,165,9055200,0,0,0
2021-11-04,167,168,167,167,6656100,0,0,0
2021-11-05,168,169,167,169,9368900,0,0,0
2021-11-08,170,170,170,170,4966100,0,0,0
2021-11-09,170,171,170,171,5781200,0,0,0
2021-11-10,173,174,172,173,11461800,0,0,0
2021-11-11,173,174,173,174,5959600,0,0,0
2021-11-12,173,174,173,174,7894800,0,0,0
2021-11-15,174,174,173,174,5630800,0,0,0
2021-11-16,173,174,172,172,8667300,0,0,0
2021-11-17,174,174,173,174,6523100,0,0,0
2021-11-18,173,174,173,173,6252000,0,0,0
2021-11-19,173,174,172,172,8785600,0,0,0
2021-11-22,169,170,168,168,13091900,0,0,0
2021-11-23,167,167,166,167,8047800,0,0,0
2021-11-24,166,167,166,167,5359500,0,0,0
2021-11-26,168,168,166,166,9605200,0,0,0
2021-11-29,166,167,166,166,7394900,0,0,0
2021-11-30,167,169,165,165,12925300,0,0,0
2021-12-01,166,167,166,166,7808600,0,0,0
2021-12-02,165,165,164,165,9604100,0,0,0
2021-12-03,165,166,165,166,9507900,0,0,0
2021-12-06,166,166,165,166,4813600,0,0,0
2021-12-07,166,167,166,166,4900700,0,0,0
2021-12-08,166,166,166,166,4288900,0,0,0
2021-12-09,166,166,165,165,4913800,0,0,0
2021-12-10,166,166,166,166,6450600,0,0,0
2021-12-13,166,167,166,167,6610700,0,0,0
2021-12-14,165,166,165,165,8637900,0,0,0
2021-12-15,165,166,163,166,14231200,0,0,0
2021-12-16,167,168,166,168,11186200,0,0,0
2021-12-17,168,169,167,167,9856900,0,0,0
2021-12-20,167,168,167,167,6973000,0,0,0
2021-12-21,167,167,166,167,4548500,0,0,0
2021-12-22,167,168,167,168,4672900,0,0,0
2021-12-23,168,169,168,168,4551100,0,0,0
2021-12-27,168,169,168,169,4760300,0,0,0
2021-12-28,169,169,168,168,4541900,0,0,0
2021-12-29,167,168,167,168,5889700,0,0,0
2021-12-30,168,169,168,169,5426300,0,0,0
2021-12-31,170,171,170,170,7039300,0,0,0
2022-01-03,168,169,168,168,9014400,0,0,0
2022-01-04,168,169,168,169,6965600,0,0,0
2022-01-05,170,170,168,169,8715600,0,0,0
2022-01-06,167,167,166,166,10902700,0,0,0
2022-01-07,167,168,166,167,8191900,0,0,0
2022-01-10,167,168,167,168,7026500,0,0,0
2022-01-11,168,170,168,170,8369000,0,0,0
2022-01-12,170,170,170,170,6280700,0,0,0
2022-01-13,170,170,169,170,7034200,0,0,0
2022-01-14,170,170,169,169,7865900,0,0,0
2022-01-18,169,170,169,169,9322800,0,0,0
2022-01-19,170,172,170,172,15784500,0,0,0
2022-01-20,172,172,171,171,9570500,0,0,0
2022-01-21,172,172,170,171,10982500,0,0,0
2022-01-24,171,172,170,172,15727700,0,0,0
2022-01-27,168,169,167,167,15867300,0,0,0
2022-01-28,166,167,166,167,9782500,0,0,0
2022-01-31,167,168,167,168,8539300,0,0,0
2022-02-01,168,168,167,168,9763900,0,0,0
2022-02-02,168,169,168,168,9085300,0,0,0
2022-02-03,168,168,167,168,10650800,0,0,0
2022-02-04,168,169,167,168,9619600,0,0,0
2022-02-07,169,170,169,170,7796900,0,0,0
2022-02-08,170,170,169,170,5802000,0,0,0
2022-02-09,170,171,170,171,8002800,0,0,0
2022-02-10,170,171,170,170,10693500,0,0,0
2022-02-14,173,175,173,174,13650700,0,0,0
2022-02-15,173,173,172,173,12603600,0,0,0
2022-02-16,173,174,173,174,12772100,0,0,0
2022-02-18,177,177,176,177,12760700,0,0,0
2022-02-22,177,178,176,177,14960500,0,0,0
2022-02-23,177,178,177,178,11772200,0,0,0
2022-02-25,176,176,175,176,11530900,0,0,0
2022-02-28,178,178,176,178,16055800,0,0,0
2022-03-03,179,181,179,180,15164400,0,0,0
2022-03-11,183,185,183,185,14824700,0,0,0
2022-03-14,183,183,181,182,13186400,0,0,0
2022-03-17,181,182,180,180,10954100,0,0,0
2022-03-18,179,180,179,179,13996500,0,0,0
2022-03-21,179,181,179,180,10582200,0,0,0
2022-03-22,179,179,178,179,9621800,0,0,0
2022-03-23,180,181,179,181,12557300,0,0,0
2022-03-24,182,183,181,183,10970100,0,0,0
2022-03-25,181,183,181,182,7911100,0,0,0
2022-03-28,180,181,178,179,9489700,0,0,0
2022-03-29,177,179,176,179,10458900,0,0,0
2022-03-30,179,180,179,180,8361300,0,0,0
2022-03-31,180,181,180,180,9844400,0,0,0
2022-04-01,179,180,178,179,13034400,0,0,0
2022-04-04,180,180,179,180,7063100,0,0,0
2022-04-05,180,181,178,179,10828500,0,0,0
2022-04-06,179,180,178,179,8942100,0,0,0
2022-04-07,179,180,179,180,10140600,0,0,0
2022-04-08,180,181,180,181,10655700,0,0,0
2022-04-11,183,183,181,182,10071300,0,0,0
2022-04-12,184,184,182,183,12024600,0,0,0
2022-04-13,184,184,184,184,8651600,0,0,0
2022-04-14,184,184,182,184,11567200,0,0,0
2022-04-18,185,186,184,184,8886700,0,0,0
2022-04-19,183,183,181,181,12585600,0,0,0
2022-04-20,181,182,181,182,7038600,0,0,0
2022-04-21,181,182,180,182,9639800,0,0,0
2022-04-22,180,181,179,180,9147000,0,0,0
2022-04-25,177,177,176,177,13073700,0,0,0
2022-04-26,177,178,176,177,9042400,0,0,0
2022-04-27,176,176,175,175,8854700,0,0,0
2022-04-28,175,176,175,176,6381100,0,0,0
2022-04-29,178,178,176,176,7719700,0,0,0
2022-05-02,173,174,172,173,14318600,0,0,0
2022-05-03,173,175,173,174,7214300,0,0,0
2022-05-04,174,176,173,175,10491700,0,0,0
2022-05-05,177,177,174,175,12794200,0,0,0
2022-05-06,175,176,174,175,7643300,0,0,0
2022-05-09,174,174,172,172,10742400,0,0,0
2022-05-10,173,173,171,171,11010400,0,0,0
2022-05-11,172,173,172,172,9179600,0,0,0
2022-05-12,172,172,169,170,11626800,0,0,0
2022-05-13,168,169,168,168,13031100,0,0,0
2022-05-16,168,170,168,170,7319300,0,0,0
2022-05-17,170,170,169,169,6441100,0,0,0
2022-05-18,169,170,168,169,7472900,0,0,0
2022-05-19,171,172,170,171,10580300,0,0,0
2022-05-20,171,172,170,172,6578100,0,0,0
2022-05-23,173,173,172,172,5518500,0,0,0
2022-05-24,173,174,173,174,6794000,0,0,0
2022-05-25,172,173,171,173,4595900,0,0,0
2022-05-26,172,172,171,172,6467000,0,0,0
2022-05-27,173,173,172,172,3847900,0,0,0
2022-05-31,172,173,171,171,6244000,0,0,0
2022-06-01,172,172,171,172,6946500,0,0,0
2022-06-02,173,174,173,174,5623100,0,0,0
2022-06-03,173,173,172,172,5519400,0,0,0
2022-06-06,172,172,171,171,3766000,0,0,0
2022-06-07,172,173,171,172,3860000,0,0,0
2022-06-08,172,173,172,172,5140800,0,0,0
2022-06-09,172,172,171,172,4701100,0,0,0
2022-06-10,170,174,170,174,16856100,0,0,0
2022-06-13,171,171,169,169,13265200,0,0,0
2022-06-14,169,169,168,168,7347900,0,0,0
2022-06-15,170,171,169,170,9000300,0,0,0
2022-06-16,170,172,170,172,8823600,0,0,0
2022-06-17,172,172,170,171,7407200,0,0,0
2022-06-21,171,171,170,170,5608500,0,0,0
2022-06-22,171,172,171,171,6558700,0,0,0
2022-06-23,171,172,169,170,6535300,0,0,0
2022-06-24,170,170,169,170,6143100,0,0,0
2022-06-27,170,170,169,169,5719700,0,0,0
2022-06-28,170,170,169,169,2982700,0,0,0
2022-06-29,170,170,169,169,4785600,0,0,0
2022-06-30,169,169,168,168,9144400,0,0,0
2022-07-01,167,168,166,168,11380300,0,0,0
2022-07-05,167,167,164,164,14035400,0,0,0
2022-07-06,164,164,161,162,11861100,0,0,0
2022-07-07,162,163,162,162,4588400,0,0,0
2022-07-08,162,163,161,162,4584100,0,0,0
2022-07-11,161,162,161,161,4321700,0,0,0
2022-07-12,161,161,160,160,5375100,0,0,0
2022-07-13,160,162,160,161,8456600,0,0,0
2022-07-14,159,159,158,159,12213600,0,0,0
2022-07-15,159,159,158,159,6783800,0,0,0
2022-07-18,160,160,159,159,5791800,0,0,0
2022-07-19,159,159,159,159,3796200,0,0,0
2022-07-20,159,159,158,158,4795800,0,0,0
2022-07-21,158,160,158,160,5863300,0,0,0
2022-07-22,160,162,160,160,5733800,0,0,0
2022-07-25,160,160,159,160,3713400,0,0,0
2022-07-26,160,160,159,160,2672800,0,0,0
2022-07-27,160,162,159,161,5766100,0,0,0
2022-07-28,163,163,162,163,5606400,0,0,0
2022-07-29,163,164,163,164,7537300,0,0,0
2022-08-01,164,165,164,165,4666900,0,0,0
2022-08-02,165,166,164,164,5725400,0,0,0
2022-08-03,164,164,163,164,4417800,0,0,0
2022-08-04,165,167,165,167,5502000,0,0,0
2022-08-05,164,165,164,165,6023300,0,0,0
2022-08-08,166,166,165,166,3456300,0,0,0
2022-08-09,167,167,166,167,3205500,0,0,0
2022-08-10,167,167,166,166,4077300,0,0,0
2022-08-11,167,167,166,166,4446000,0,0,0
2022-08-12,167,167,166,167,5151700,0,0,0
2022-08-15,165,166,165,165,5236100,0,0,0
2022-08-16,165,165,165,165,4291500,0,0,0
2022-08-17,165,165,163,164,5569100,0,0,0
2022-08-18,164,164,163,163,3646100,0,0,0
2022-08-19,163,163,162,162,8173000,0,0,0
2022-08-22,161,162,161,161,4458100,0,0,0
2022-08-23,161,163,161,162,4425100,0,0,0
2022-08-24,162,163,162,163,3202400,0,0,0
2022-08-25,163,163,163,163,2857500,0,0,0
2022-08-26,163,163,161,161,6689300,0,0,0
2022-08-29,161,162,161,161,4702300,0,0,0
2022-08-30,161,161,160,160,4856600,0,0,0
2022-08-31,159,160,159,159,5438600,0,0,0
2022-09-01,158,158,157,157,7390800,0,0,0
2022-09-02,159,160,159,159,5196900,0,0,0
2022-09-06,159,159,158,158,4863800,0,0,0
2022-09-07,158,160,158,159,3981400,0,0,0
2022-09-08,159,159,158,158,4607100,0,0,0
2022-09-09,159,160,159,159,3927800,0,0,0
2022-09-12,161,161,160,160,4537500,0,0,0
2022-09-13,158,159,158,158,6526400,0,0,0
2022-09-14,158,158,157,157,6091100,0,0,0
2022-09-15,156,157,154,154,13181200,0,0,0
2022-09-16,154,156,154,155,7141200,0,0,0
2022-09-19,154,156,154,155,5582800,0,0,0
2022-09-20,155,155,154,155,5943700,0,0,0
2022-09-21,155,157,154,155,7816100,0,0,0
2022-09-22,156,156,155,155,5975200,0,0,0
2022-09-23,153,154,152,153,9598000,0,0,0
2022-09-26,153,153,151,151,8240500,0,0,0
2022-09-27,152,152,151,151,7151300,0,0,0
2022-09-28,153,154,152,154,8977200,0,0,0
2022-09-29,154,155,153,154,6317000,0,0,0
2022-09-30,154,156,154,154,6832400,0,0,0
2022-10-03,155,158,155,158,10362200,0,0,0
2022-10-04,159,161,158,160,8024500,0,0,0
2022-10-05,159,160,158,159,5296300,0,0,0
2022-10-06,159,159,158,159,5712600,0,0,0
2022-10-07,158,158,157,157,5030000,0,0,0
2022-10-10,155,156,155,155,6110800,0,0,0
2022-10-11,155,156,154,155,5306700,0,0,0
2022-10-12,155,156,155,155,3998500,0,0,0
2022-10-13,153,155,152,154,7083800,0,0,0
2022-10-14,154,154,152,152,5471900,0,0,0
2022-10-17,154,155,153,153,4348000,0,0,0
2022-10-18,154,154,153,153,4528400,0,0,0
2022-10-19,152,152,151,151,8257100,0,0,0
2022-10-20,151,153,151,151,5019800,0,0,0
2022-10-21,151,154,151,154,6898400,0,0,0
2022-10-24,153,154,153,153,4673300,0,0,0
2022-10-25,153,154,153,154,3434100,0,0,0
2022-10-26,154,155,154,154,4448200,0,0,0
2022-10-27,154,155,154,154,3654900,0,0,0
2022-10-28,152,153,152,153,4645400,0,0,0
2022-10-31,152,152,151,151,6097800,0,0,0
2022-11-01,153,153,152,153,4603600,0,0,0
2022-11-02,154,155,152,152,7210900,0,0,0
2022-11-03,150,151,150,151,5378800,0,0,0
2022-11-04,154,156,154,156,7692000,0,0,0
2022-11-07,156,156,155,155,4425700,0,0,0
2022-11-08,155,159,155,159,11299600,0,0,0
2022-11-09,159,160,158,158,6040600,0,0,0
2022-11-10,162,163,161,163,9939900,0,0,0
2022-11-11,163,164,163,164,4622400,0,0,0
2022-11-14,164,165,164,164,6187600,0,0,0
2022-11-15,165,166,164,165,9903500,0,0,0
2022-11-16,165,165,164,165,3645800,0,0,0
2022-11-17,163,164,163,163,4574400,0,0,0
2022-11-18,163,163,162,162,4321100,0,0,0
2022-11-21,162,162,161,161,4766500,0,0,0
2022-11-22,162,162,161,162,3203800,0,0,0
2022-11-23,161,163,161,163,4167000,0,0,0
2022-11-25,162,163,162,163,1436500,0,0,0
2022-11-28,162,163,161,161,4052900,0,0,0
2022-11-29,162,163,162,162,2620600,0,0,0
2022-11-30,163,164,162,164,4874700,0,0,0
2022-12-01,167,167,166,167,8625800,0,0,0
2022-12-02,166,167,165,167,5185900,0,0,0
2022-12-05,166,166,164,164,5436200,0,0,0
2022-12-06,165,165,164,164,3597800,0,0,0
2022-12-07,165,166,165,166,4610700,0,0,0
2022-12-08,166,167,166,166,3217900,0,0,0
2022-12-09,167,168,166,167,5431300,0,0,0
2022-12-12,166,166,165,165,3504400,0,0,0
2022-12-13,169,169,168,168,6750200,0,0,0
2022-12-14,168,168,167,168,5643000,0,0,0
2022-12-15,165,166,165,165,8363000,0,0,0
2022-12-16,166,166,165,166,5372000,0,0,0
2022-12-19,166,167,165,166,3940500,0,0,0
2022-12-20,168,169,168,169,7803100,0,0,0
2022-12-21,169,169,168,168,3990100,0,0,0
2022-12-22,167,167,166,166,5672700,0,0,0
2022-12-23,166,167,166,167,2912300,0,0,0
2022-12-27,167,170,167,168,6885700,0,0,0
2022-12-28,168,168,167,167,3662500,0,0,0
2022-12-29,168,169,168,168,3345900,0,0,0
2022-12-30,169,169,168,169,2864500,0,0,0
2023-01-03,171,172,170,171,7992900,0,0,0
2023-01-04,172,173,171,172,7574600,0,0,0
2023-01-05,170,171,169,170,4692600,0,0,0
2023-01-06,171,173,171,173,7889000,0,0,0
2023-01-09,174,175,173,174,5134500,0,0,0
2023-01-10,174,174,174,174,4398400,0,0,0
2023-01-11,174,174,173,174,3374200,0,0,0
2023-01-12,176,176,174,176,6936900,0,0,0
2023-01-13,176,178,176,178,7468800,0,0,0
2023-01-17,178,178,177,177,6610800,0,0,0
2023-01-18,178,179,176,177,5384700,0,0,0
2023-01-19,178,180,178,179,6678700,0,0,0
2023-01-20,179,179,178,179,5754800,0,0,0
2023-01-23,178,179,177,179,5265500,0,0,0
2023-01-24,179,180,178,180,4604600,0,0,0
2023-01-25,179,181,179,181,6925300,0,0,0
2023-01-26,180,180,178,179,5860100,0,0,0
2023-01-27,179,179,178,179,6052700,0,0,0
2023-01-30,179,179,178,178,4210700,0,0,0
2023-01-31,178,179,178,179,5976900,0,0,0
2023-02-01,179,181,178,181,7996000,0,0,0
2023-02-02,181,181,177,177,8842400,0,0,0
2023-02-03,174,175,173,173,13674400,0,0,0
2023-02-06,174,174,173,173,8957000,0,0,0
2023-02-07,173,175,173,173,6794200,0,0,0
2023-02-08,174,174,173,174,4075600,0,0,0
2023-02-09,175,175,172,173,5361300,0,0,0
2023-02-10,173,173,172,173,2971100,0,0,0
2023-02-13,172,172,172,172,3970800,0,0,0
2023-02-14,171,173,171,172,5403100,0,0,0
2023-02-15,170,170,170,170,5423800,0,0,0
2023-02-16,170,171,169,170,4540400,0,0,0
2023-02-17,169,171,169,171,4809800,0,0,0
2023-02-21,171,171,170,170,4035900,0,0,0
2023-02-22,170,170,169,169,4105700,0,0,0
2023-02-23,169,170,169,169,5073500,0,0,0
2023-02-24,168,168,168,168,6496500,0,0,0
2023-02-27,168,169,168,169,4509200,0,0,0
2023-02-28,168,170,168,169,6761600,0,0,0
2023-03-01,170,171,170,170,6590500,0,0,0
2023-03-02,170,170,170,170,3950700,0,0,0
2023-03-03,171,172,170,172,6894500,0,0,0
2023-03-06,172,172,171,171,4264100,0,0,0
2023-03-07,170,170,168,168,8713300,0,0,0
2023-03-08,168,169,168,168,5718600,0,0,0
2023-03-09,169,170,169,170,5583000,0,0,0
2023-03-10,171,173,171,173,13803400,0,0,0
2023-03-14,177,177,176,176,10019000,0,0,0
2023-03-15,178,180,177,178,14546100,0,0,0
2023-03-16,179,179,177,178,10762200,0,0,0
2023-03-20,184,184,182,183,11845700,0,0,0
2023-03-21,182,182,179,180,10734500,0,0,0
2023-03-22,180,183,180,183,11969600,0,0,0
2023-03-23,183,186,183,185,11347100,0,0,0
2023-03-24,185,185,183,183,9245900,0,0,0
2023-03-27,181,182,180,181,6925000,0,0,0
2023-03-28,182,183,182,183,6202600,0,0,0
2023-03-29,182,183,182,182,4996500,0,0,0
2023-03-30,182,184,182,184,6360300,0,0,0
2023-03-31,184,184,182,183,8003300,0,0,0
2023-04-03,183,185,183,184,9206600,0,0,0
2023-04-04,184,188,184,187,13765400,0,0,0
2023-04-05,188,188,186,187,11440800,0,0,0
2023-04-06,186,187,185,186,6648400,0,0,0
2023-04-10,185,185,184,185,6408100,0,0,0
2023-04-11,185,186,185,186,6031500,0,0,0
2023-04-12,187,187,185,187,10000900,0,0,0
2023-04-13,189,190,188,189,14060100,0,0,0
2023-04-14,188,188,185,186,13272500,0,0,0
2023-04-17,185,185,184,185,7468100,0,0,0
2023-04-18,185,186,185,186,8056900,0,0,0
2023-04-19,184,185,184,185,7373500,0,0,0
2023-04-20,186,187,185,186,5789900,0,0,0
2023-04-21,184,185,183,184,10698700,0,0,0
2023-04-24,184,185,183,184,8303400,0,0,0
2023-04-25,184,186,184,185,8451900,0,0,0
2023-04-26,186,186,184,184,8203600,0,0,0
2023-04-27,183,184,183,184,9107400,0,0,0
2023-04-28,184,185,184,184,6700400,0,0,0
2023-05-01,186,186,183,183,7997700,0,0,0
2023-05-02,184,187,184,187,14680600,0,0,0
2023-05-03,187,189,186,189,11133800,0,0,0
2023-05-04,188,191,188,190,14146800,0,0,0
2023-05-05,186,187,185,187,12507000,0,0,0
2023-05-08,187,188,187,187,6075400,0,0,0
2023-05-09,188,189,188,189,7098800,0,0,0
2023-05-10,188,189,187,188,9392100,0,0,0
2023-05-11,188,188,186,187,8245500,0,0,0
2023-05-12,187,187,186,186,7084400,0,0,0
2023-05-15,187,187,187,187,5518100,0,0,0
2023-05-16,186,186,184,184,9519500,0,0,0
2023-05-17,184,184,183,184,7474300,0,0,0
2023-05-18,182,182,181,181,8812600,0,0,0
2023-05-19,182,184,181,183,8432300,0,0,0
2023-05-22,183,183,182,183,4834300,0,0,0
2023-05-23,182,183,182,183,6345000,0,0,0
2023-05-24,183,183,181,181,6732900,0,0,0
2023-05-25,181,181,180,180,6919200,0,0,0
2023-05-26,181,181,180,180,5823700,0,0,0
2023-05-30,181,182,181,182,4906100,0,0,0
2023-05-31,182,183,182,182,8497900,0,0,0
2023-06-01,182,184,182,183,7300500,0,0,0
2023-06-02,183,183,180,181,8724800,0,0,0
2023-06-05,180,182,180,182,5748800,0,0,0
2023-06-06,182,182,181,182,4967200,0,0,0
2023-06-07,181,183,180,180,9066500,0,0,0
2023-06-08,182,183,181,182,6394100,0,0,0
2023-06-09,182,182,181,182,4379200,0,0,0
2023-06-12,181,181,181,181,4873600,0,0,0
2023-06-13,182,182,180,180,5126700,0,0,0
2023-06-14,181,181,180,180,6807000,0,0,0
2023-06-15,180,182,180,181,6739000,0,0,0
2023-06-16,181,182,181,181,8778600,0,0,0
2023-06-20,180,180,179,179,7584200,0,0,0
2023-06-21,179,179,178,179,6702300,0,0,0
2023-06-22,178,178,177,177,7945000,0,0,0
2023-06-23,179,179,178,178,5416800,0,0,0
2023-06-26,179,179,178,178,3222100,0,0,0
2023-06-27,179,179,177,177,5036900,0,0,0
2023-06-28,177,177,176,177,5866700,0,0,0
2023-06-29,175,177,175,177,6862500,0,0,0
2023-06-30,177,178,177,178,6420600,0,0,0
2023-07-03,178,179,178,178,4085700,0,0,0
2023-07-05,179,179,177,177,5650600,0,0,0
2023-07-06,177,177,176,177,5133000,0,0,0
2023-07-07,178,179,178,178,5200300,0,0,0
2023-07-10,178,178,178,178,3320500,0,0,0
2023-07-11,179,179,179,179,2819600,0,0,0
2023-07-12,181,181,181,181,7062000,0,0,0
2023-07-13,181,182,181,182,4527900,0,0,0
2023-07-14,181,182,181,181,5389300,0,0,0
2023-07-17,180,181,180,181,4152400,0,0,0
2023-07-18,182,184,182,183,8242600,0,0,0
2023-07-19,183,183,182,183,3911600,0,0,0
2023-07-20,183,183,182,182,4972900,0,0,0
2023-07-21,182,182,181,182,3843500,0,0,0
2023-07-24,182,182,181,181,4370000,0,0,0
2023-07-25,181,182,181,182,4090100,0,0,0
2023-07-26,182,183,182,183,6158400,0,0,0
2023-07-27,181,181,180,180,7592800,0,0,0
2023-07-28,181,182,181,181,3828800,0,0,0
2023-07-31,182,183,182,182,5494800,0,0,0
2023-08-01,180,181,180,180,6239700,0,0,0
2023-08-02,180,180,179,179,6339700,0,0,0
2023-08-03,179,179,179,179,4636300,0,0,0
2023-08-04,180,180,179,180,5325700,0,0,0
2023-08-07,180,180,179,179,4510400,0,0,0
2023-08-08,178,179,178,178,6162900,0,0,0
2023-08-09,178,178,177,177,4644000,0,0,0
2023-08-10,178,178,177,177,5934600,0,0,0
2023-08-11,177,178,177,177,5289400,0,0,0
2023-08-14,176,177,176,177,9554500,0,0,0
2023-08-15,176,177,176,176,7582700,0,0,0
2023-08-16,176,176,175,175,6559400,0,0,0
2023-08-17,176,176,174,175,7937700,0,0,0
2023-08-18,175,176,175,175,6251000,0,0,0
2023-08-21,175,175,174,175,4206400,0,0,0
2023-08-22,175,176,175,176,5892500,0,0,0
2023-08-23,177,178,177,177,7949100,0,0,0
2023-08-24,177,178,177,177,5526400,0,0,0
2023-08-25,177,178,176,177,6132800,0,0,0
2023-08-28,177,178,177,178,4740700,0,0,0
2023-08-29,178,179,177,179,7576600,0,0,0
2023-08-30,180,180,180,180,6593700,0,0,0
2023-08-31,180,180,179,180,4795600,0,0,0
2023-09-01,180,181,179,180,4969300,0,0,0
2023-09-05,179,179,178,178,7056800,0,0,0
2023-09-06,178,179,177,177,6427200,0,0,0
2023-09-07,178,178,177,178,3257200,0,0,0
2023-09-08,178,179,177,178,3292700,0,0,0
2023-09-11,178,179,178,178,3689100,0,0,0
2023-09-12,177,177,177,177,4445400,0,0,0
2023-09-13,177,177,177,177,3874800,0,0,0
2023-09-14,176,177,176,177,6184400,0,0,0
2023-09-15,178,179,178,178,5619600,0,0,0
2023-09-18,178,179,178,179,5049300,0,0,0
2023-09-19,179,179,179,179,4224700,0,0,0
2023-09-20,179,180,179,179,9328000,0,0,0
2023-09-21,177,178,177,178,7571900,0,0,0
2023-09-22,178,178,178,178,3634800,0,0,0
2023-09-25,178,178,177,177,5582100,0,0,0
2023-09-26,176,177,176,176,7181100,0,0,0
2023-09-27,175,175,173,174,10919600,0,0,0
2023-09-28,173,174,172,173,10061900,0,0,0
2023-09-29,173,174,171,171,10424900,0,0,0
2023-10-02,170,170,169,169,12706000,0,0,0
2023-10-03,169,170,168,169,11459800,0,0,0
2023-10-04,169,169,168,169,10034600,0,0,0
2023-10-05,168,169,168,168,6970200,0,0,0
2023-10-06,169,170,168,169,9942200,0,0,0
2023-10-09,171,172,171,172,10201500,0,0,0
2023-10-10,172,172,171,172,5844000,0,0,0
2023-10-11,173,174,173,173,7128000,0,0,0
2023-10-12,174,174,173,173,5912700,0,0,0
2023-10-16,177,178,177,177,8385400,0,0,0
2023-10-17,178,179,177,178,8231900,0,0,0
2023-10-18,180,182,179,180,13920800,0,0,0
2023-10-19,181,183,180,183,13406600,0,0,0
2023-10-20,183,185,183,183,12782800,0,0,0
2023-10-23,183,183,182,182,9479800,0,0,0
2023-10-24,182,183,181,182,6594000,0,0,0
2023-10-25,183,184,182,183,10087000,0,0,0
2023-10-26,183,184,182,184,7671400,0,0,0
2023-10-27,183,186,183,186,14102800,0,0,0
2023-10-30,185,185,184,185,8756400,0,0,0
2023-10-31,185,186,183,184,10104600,0,0,0
2023-11-01,183,185,182,183,9048600,0,0,0
2023-11-02,184,184,183,184,7343700,0,0,0
2023-11-03,184,185,184,184,8529000,0,0,0
2023-11-06,184,184,183,183,8274700,0,0,0
2023-11-07,182,182,181,182,6795800,0,0,0
2023-11-08,182,182,180,180,6738300,0,0,0
2023-11-09,180,182,180,181,6486300,0,0,0
2023-11-10,180,180,179,179,7606600,0,0,0
2023-11-13,179,180,179,180,5385900,0,0,0
2023-11-14,181,182,181,182,6831600,0,0,0
2023-11-15,182,182,181,181,4909400,0,0,0
2023-11-16,182,184,182,183,8253300,0,0,0
2023-11-17,183,184,183,183,4871100,0,0,0
2023-11-20,182,183,182,183,5389300,0,0,0
2023-11-21,185,186,185,185,7322400,0,0,0
2023-11-22,185,185,184,184,4337700,0,0,0
2023-11-24,185,185,185,185,2445100,0,0,0
2023-11-27,186,186,185,186,6320400,0,0,0
2023-11-28,187,189,187,189,10901900,0,0,0
2023-11-29,189,189,189,189,8407300,0,0,0
2023-11-30,188,189,188,188,7558100,0,0,0
2023-12-01,188,192,188,192,16724900,0,0,0
2023-12-05,187,187,186,187,7027700,0,0,0
2023-12-06,188,188,187,187,5778600,0,0,0
2023-12-07,188,188,187,188,5802000,0,0,0
2023-12-08,185,186,184,185,7880300,0,0,0
2023-12-11,184,184,183,183,8519500,0,0,0
2023-12-12,183,183,183,183,5056900,0,0,0
2023-12-13,183,187,183,187,10635500,0,0,0
2023-12-14,188,189,188,188,9107200,0,0,0
2023-12-15,188,188,186,187,8323800,0,0,0
2023-12-18,187,188,187,187,5358000,0,0,0
2023-12-19,188,189,188,189,6025600,0,0,0
2023-12-20,188,188,188,188,6002400,0,0,0
2023-12-21,189,189,188,189,4620000,0,0,0
2023-12-22,191,191,190,190,7175400,0,0,0
2023-12-26,190,191,190,191,4502700,0,0,0
2023-12-27,191,193,191,192,5813300,0,0,0
2023-12-28,192,192,191,191,6171500,0,0,0
2023-12-29,190,191,190,191,4610300,0,0,0
2024-01-02,191,191,190,190,6025600,0,0,0
2024-01-03,188,189,188,189,8661600,0,0,0
2024-01-04,189,189,188,189,4416700,0,0,0
2024-01-05,189,191,189,189,7481200,0,0,0
2024-01-08,187,188,187,187,6215000,0,0,0
2024-01-09,188,188,187,187,4437300,0,0,0
2024-01-10,188,188,187,187,4504700,0,0,0
2024-01-11,188,188,186,187,6831100,0,0,0
2024-01-12,190,191,189,189,6831400,0,0,0
2024-01-16,189,189,187,187,6548100,0,0,0
2024-01-17,187,187,185,185,8643200,0,0,0
2024-01-18,186,187,186,187,4685200,0,0,0
2024-01-19,188,188,187,187,5719100,0,0,0
2024-01-22,187,187,186,187,4397500,0,0,0
2024-01-23,187,188,187,187,5040800,0,0,0
2024-01-24,188,188,186,186,6085400,0,0,0
2024-01-25,187,187,186,187,4651000,0,0,0
2024-01-26,187,187,186,187,5064800,0,0,0
2024-01-29,188,188,187,188,5629700,0,0,0
2024-01-30,189,189,187,188,4976500,0,0,0
2024-01-31,189,190,188,188,7886100,0,0,0
2024-02-01,189,191,188,190,10278100,0,0,0
2024-02-02,188,188,187,188,7337000,0,0,0
2024-02-05,186,187,186,187,5436100,0,0,0
2024-02-06,187,188,187,188,4866100,0,0,0
2024-02-07,188,189,188,188,6276900,0,0,0
2024-02-08,187,188,187,188,3873300,0,0,0
2024-02-09,187,187,187,187,4412600,0,0,0
2024-02-12,186,187,186,187,4706300,0,0,0
2024-02-13,185,185,184,184,9525800,0,0,0
2024-02-14,184,184,183,184,7031600,0,0,0
2024-02-15,185,186,185,185,6228900,0,0,0
2024-02-16,185,186,184,186,6516800,0,0,0
2024-02-20,187,188,187,187,5531200,0,0,0
2024-02-21,187,188,187,187,5790000,0,0,0
2024-02-22,187,187,187,187,4550800,0,0,0
2024-02-23,187,189,187,188,6827300,0,0,0
2024-02-26,187,188,187,188,4491900,0,0,0
2024-02-27,188,188,187,188,5165400,0,0,0
2024-02-28,188,188,188,188,2824100,0,0,0
2024-02-29,189,189,189,189,6848600,0,0,0
2024-03-01,190,193,189,192,13404800,0,0,0
2024-03-04,194,196,193,196,12216300,0,0,0
2024-03-05,197,198,196,197,9672200,0,0,0
2024-03-06,198,199,197,198,10459300,0,0,0
2024-03-07,199,200,198,199,8403700,0,0,0
2024-03-08,200,203,200,201,13516800,0,0,0
2024-03-11,201,202,201,202,7329600,0,0,0
2024-03-12,200,200,199,199,9436600,0,0,0
2024-03-13,200,201,200,201,5930000,0,0,0
2024-03-14,200,200,199,200,6865000,0,0,0
2024-03-15,199,200,199,199,4551500,0,0,0
2024-03-18,199,200,199,200,7206800,0,0,0
2024-03-19,199,199,198,199,4657500,0,0,0
2024-03-20,199,202,199,202,9593800,0,0,0
2024-03-21,203,203,200,201,7396500,0,0,0
2024-03-22,201,201,199,200,6913600,0,0,0
2024-03-25,201,201,200,200,4034800,0,0,0
2024-03-26,202,202,201,201,5752700,0,0,0
2024-03-27,202,203,202,203,6041000,0,0,0
2024-03-28,204,206,203,205,9194500,0,0,0
2024-04-01,208,208,206,207,13677100,0,0,0
2024-04-02,209,211,208,210,13421100,0,0,0
